TDSFU Daily run: Sat Oct 25 12:50:15 UTC 2025 TDSFU
TDSFU Daily run: Sun Oct 26 04:42:23 UTC 2025 TDSFU
TDSFU Daily run: Mon Oct 27 04:52:49 UTC 2025 TDSFU
TDSFU Daily run: Tue Oct 28 04:46:14 UTC 2025 TDSFU
TDSFU Daily run: Wed Oct 29 04:50:15 UTC 2025 TDSFU
TDSFU Daily run: Thu Oct 30 04:45:13 UTC 2025 TDSFU
TDSFU Daily run: Fri Oct 31 04:58:13 UTC 2025 TDSFU
TDSFU Daily run: Sat Nov  1 04:41:11 UTC 2025 TDSFU
TDSFU Daily run: Sun Nov  2 04:44:30 UTC 2025 TDSFU
TDSFU Daily run: Mon Nov  3 04:51:46 UTC 2025 TDSFU
TDSFU Daily run: Tue Nov  4 04:45:32 UTC 2025 TDSFU
TDSFU Daily run: Wed Nov  5 04:46:28 UTC 2025 TDSFU
TDSFU Daily run: Thu Nov  6 04:41:32 UTC 2025 TDSFU
